iter	RMSE
0	15.47309493
1	11.44676992
